{
  "ATTACK": {
    "DIG": 0.7802690582959642,
    "ATTACK": 0.08071748878923767,
    "BLOCK": 0.1210762331838565,
    "SET": 0.017937219730941704
  },
  "BLOCK": {
    "DIG": 0.7058823529411765,
    "ATTACK": 0.23529411764705882,
    "SET": 0.058823529411764705
  },
  "DIG": {
    "SET": 0.7134146341463414,
    "DIG": 0.024390243902439025,
    "ATTACK": 0.2621951219512195
  },
  "RECEIVE": {
    "ATTACK": 0.12087912087912088,
    "SET": 0.8406593406593407,
    "DIG": 0.038461538461538464
  },
  "SERVE": {
    "RECEIVE": 0.9894179894179894,
    "SET": 0.010582010582010581
  },
  "SET": {
    "ATTACK": 0.992619926199262,
    "DIG": 0.007380073800738007
  }
}