{
  "SERVE": {
    "n_contacts": 169,
    "frac_0.25": 0.9074074074074074,
    "frac_0.5": 0.9308176100628931,
    "frac_0.75": 0.9626556016597511,
    "frac_1.0": 0.9579439252336449
  },
  "RECEIVE": {
    "n_contacts": 218,
    "frac_0.25": 0.9043062200956937,
    "frac_0.5": 0.9112709832134293,
    "frac_0.75": 0.9230769230769231,
    "frac_1.0": 0.9365269461077844
  },
  "SET": {
    "n_contacts": 319,
    "frac_0.25": 0.8870431893687708,
    "frac_0.5": 0.9328968903436988,
    "frac_0.75": 0.9247546346782988,
    "frac_1.0": 0.923202614379085
  },
  "ATTACK": {
    "n_contacts": 402,
    "frac_0.25": 0.8888888888888888,
    "frac_0.5": 0.9019354838709678,
    "frac_0.75": 0.8690783807062877,
    "frac_1.0": 0.8806161745827985
  },
  "DIG": {
    "n_contacts": 211,
    "frac_0.25": 0.9195979899497487,
    "frac_0.5": 0.8784119106699751,
    "frac_0.75": 0.9203252032520325,
    "frac_1.0": 0.9188191881918819
  },
  "BLOCK": {
    "n_contacts": 26,
    "frac_0.25": NaN,
    "frac_0.5": 0.7647058823529411,
    "frac_0.75": 0.7702702702702703,
    "frac_1.0": 0.79
  }
}