{
  "totals": {
    "total": 1252,
    "correct": 976,
    "unmatched": 183
  },
  "by_action": {
    "SERVE": {
      "total": 199,
      "correct": 115,
      "unmatched": 62,
      "accuracy": 57.78894472361809
    },
    "RECEIVE": {
      "total": 193,
      "correct": 169,
      "unmatched": 17,
      "accuracy": 87.56476683937824
    },
    "SET": {
      "total": 278,
      "correct": 240,
      "unmatched": 21,
      "accuracy": 86.33093525179856
    },
    "ATTACK": {
      "total": 356,
      "correct": 287,
      "unmatched": 44,
      "accuracy": 80.6179775280899
    },
    "DIG": {
      "total": 199,
      "correct": 158,
      "unmatched": 33,
      "accuracy": 79.39698492462311
    },
    "BLOCK": {
      "total": 27,
      "correct": 7,
      "unmatched": 6,
      "accuracy": 25.925925925925924
    }
  },
  "by_video": {
    "titi": {
      "total": 86,
      "correct": 70,
      "accuracy": 81.3953488372093
    },
    "toto": {
      "total": 58,
      "correct": 47,
      "accuracy": 81.03448275862068
    },
    "lulu": {
      "total": 37,
      "correct": 24,
      "accuracy": 64.86486486486487
    },
    "wawa": {
      "total": 45,
      "correct": 27,
      "accuracy": 60.0
    },
    "caco": {
      "total": 22,
      "correct": 18,
      "accuracy": 81.81818181818183
    },
    "cece": {
      "total": 29,
      "correct": 23,
      "accuracy": 79.3103448275862
    },
    "cici": {
      "total": 42,
      "correct": 38,
      "accuracy": 90.47619047619048
    },
    "cuco": {
      "total": 48,
      "correct": 40,
      "accuracy": 83.33333333333334
    },
    "gaga": {
      "total": 48,
      "correct": 36,
      "accuracy": 75.0
    },
    "kaka": {
      "total": 74,
      "correct": 58,
      "accuracy": 78.37837837837837
    },
    "kiki": {
      "total": 54,
      "correct": 41,
      "accuracy": 75.92592592592592
    },
    "juju": {
      "total": 80,
      "correct": 60,
      "accuracy": 75.0
    },
    "yeye": {
      "total": 80,
      "correct": 54,
      "accuracy": 67.5
    },
    "keke": {
      "total": 52,
      "correct": 43,
      "accuracy": 82.6923076923077
    },
    "gigi": {
      "total": 56,
      "correct": 38,
      "accuracy": 67.85714285714286
    },
    "gugu": {
      "total": 27,
      "correct": 23,
      "accuracy": 85.18518518518519
    },
    "mame": {
      "total": 17,
      "correct": 14,
      "accuracy": 82.35294117647058
    },
    "meme": {
      "total": 35,
      "correct": 32,
      "accuracy": 91.42857142857143
    },
    "mimi": {
      "total": 25,
      "correct": 21,
      "accuracy": 84.0
    },
    "moma": {
      "total": 34,
      "correct": 28,
      "accuracy": 82.35294117647058
    },
    "mumu": {
      "total": 30,
      "correct": 25,
      "accuracy": 83.33333333333334
    },
    "papa": {
      "total": 44,
      "correct": 33,
      "accuracy": 75.0
    },
    "pepe": {
      "total": 45,
      "correct": 35,
      "accuracy": 77.77777777777779
    },
    "pipi": {
      "total": 33,
      "correct": 30,
      "accuracy": 90.9090909090909
    },
    "popo": {
      "total": 34,
      "correct": 27,
      "accuracy": 79.41176470588235
    },
    "pupu": {
      "total": 36,
      "correct": 30,
      "accuracy": 83.33333333333334
    },
    "veve": {
      "total": 39,
      "correct": 33,
      "accuracy": 84.61538461538461
    },
    "vivi": {
      "total": 15,
      "correct": 11,
      "accuracy": 73.33333333333333
    },
    "vovo": {
      "total": 27,
      "correct": 17,
      "accuracy": 62.96296296296296
    }
  },
  "by_video_action": {
    "titi|SERVE": {
      "total": 11,
      "correct": 6
    },
    "titi|RECEIVE": {
      "total": 11,
      "correct": 10
    },
    "titi|SET": {
      "total": 18,
      "correct": 16
    },
    "titi|ATTACK": {
      "total": 27,
      "correct": 21
    },
    "titi|DIG": {
      "total": 17,
      "correct": 16
    },
    "titi|BLOCK": {
      "total": 2,
      "correct": 1
    },
    "toto|SERVE": {
      "total": 11,
      "correct": 7
    },
    "toto|RECEIVE": {
      "total": 9,
      "correct": 8
    },
    "toto|SET": {
      "total": 11,
      "correct": 10
    },
    "toto|ATTACK": {
      "total": 17,
      "correct": 16
    },
    "toto|DIG": {
      "total": 8,
      "correct": 6
    },
    "toto|BLOCK": {
      "total": 2,
      "correct": 0
    },
    "lulu|SERVE": {
      "total": 9,
      "correct": 4
    },
    "lulu|RECEIVE": {
      "total": 7,
      "correct": 5
    },
    "lulu|SET": {
      "total": 6,
      "correct": 6
    },
    "lulu|ATTACK": {
      "total": 9,
      "correct": 7
    },
    "lulu|DIG": {
      "total": 6,
      "correct": 2
    },
    "wawa|SERVE": {
      "total": 6,
      "correct": 2
    },
    "wawa|RECEIVE": {
      "total": 7,
      "correct": 6
    },
    "wawa|SET": {
      "total": 12,
      "correct": 7
    },
    "wawa|ATTACK": {
      "total": 14,
      "correct": 7
    },
    "wawa|DIG": {
      "total": 6,
      "correct": 5
    },
    "caco|SERVE": {
      "total": 3,
      "correct": 1
    },
    "caco|RECEIVE": {
      "total": 3,
      "correct": 3
    },
    "caco|SET": {
      "total": 5,
      "correct": 5
    },
    "caco|ATTACK": {
      "total": 5,
      "correct": 5
    },
    "caco|DIG": {
      "total": 4,
      "correct": 4
    },
    "caco|BLOCK": {
      "total": 2,
      "correct": 0
    },
    "cece|SERVE": {
      "total": 5,
      "correct": 2
    },
    "cece|RECEIVE": {
      "total": 5,
      "correct": 4
    },
    "cece|SET": {
      "total": 5,
      "correct": 4
    },
    "cece|ATTACK": {
      "total": 9,
      "correct": 8
    },
    "cece|DIG": {
      "total": 5,
      "correct": 5
    },
    "cici|SERVE": {
      "total": 5,
      "correct": 5
    },
    "cici|RECEIVE": {
      "total": 7,
      "correct": 7
    },
    "cici|SET": {
      "total": 12,
      "correct": 10
    },
    "cici|ATTACK": {
      "total": 12,
      "correct": 10
    },
    "cici|DIG": {
      "total": 6,
      "correct": 6
    },
    "cuco|SERVE": {
      "total": 7,
      "correct": 4
    },
    "cuco|RECEIVE": {
      "total": 7,
      "correct": 6
    },
    "cuco|SET": {
      "total": 11,
      "correct": 11
    },
    "cuco|ATTACK": {
      "total": 15,
      "correct": 14
    },
    "cuco|DIG": {
      "total": 8,
      "correct": 5
    },
    "gaga|SERVE": {
      "total": 5,
      "correct": 2
    },
    "gaga|RECEIVE": {
      "total": 6,
      "correct": 5
    },
    "gaga|SET": {
      "total": 13,
      "correct": 10
    },
    "gaga|ATTACK": {
      "total": 14,
      "correct": 12
    },
    "gaga|DIG": {
      "total": 10,
      "correct": 7
    },
    "kaka|SERVE": {
      "total": 14,
      "correct": 10
    },
    "kaka|RECEIVE": {
      "total": 12,
      "correct": 12
    },
    "kaka|SET": {
      "total": 18,
      "correct": 16
    },
    "kaka|ATTACK": {
      "total": 20,
      "correct": 12
    },
    "kaka|DIG": {
      "total": 9,
      "correct": 8
    },
    "kaka|BLOCK": {
      "total": 1,
      "correct": 0
    },
    "kiki|SERVE": {
      "total": 8,
      "correct": 6
    },
    "kiki|RECEIVE": {
      "total": 8,
      "correct": 6
    },
    "kiki|SET": {
      "total": 11,
      "correct": 8
    },
    "kiki|ATTACK": {
      "total": 16,
      "correct": 13
    },
    "kiki|DIG": {
      "total": 9,
      "correct": 8
    },
    "kiki|BLOCK": {
      "total": 2,
      "correct": 0
    },
    "juju|SERVE": {
      "total": 14,
      "correct": 9
    },
    "juju|RECEIVE": {
      "total": 13,
      "correct": 12
    },
    "juju|SET": {
      "total": 17,
      "correct": 15
    },
    "juju|ATTACK": {
      "total": 21,
      "correct": 18
    },
    "juju|DIG": {
      "total": 10,
      "correct": 4
    },
    "juju|BLOCK": {
      "total": 5,
      "correct": 2
    },
    "yeye|SERVE": {
      "total": 10,
      "correct": 6
    },
    "yeye|RECEIVE": {
      "total": 9,
      "correct": 6
    },