{
  "totals": {
    "total": 1252,
    "correct": 845,
    "unmatched": 258
  },
  "by_action": {
    "SERVE": {
      "total": 199,
      "correct": 97,
      "unmatched": 85,
      "accuracy": 48.743718592964825
    },
    "RECEIVE": {
      "total": 193,
      "correct": 130,
      "unmatched": 41,
      "accuracy": 67.35751295336787
    },
    "SET": {
      "total": 278,
      "correct": 205,
      "unmatched": 40,
      "accuracy": 73.7410071942446
    },
    "ATTACK": {
      "total": 356,
      "correct": 272,
      "unmatched": 44,
      "accuracy": 76.40449438202246
    },
    "DIG": {
      "total": 199,
      "correct": 134,
      "unmatched": 39,
      "accuracy": 67.33668341708542
    },
    "BLOCK": {
      "total": 27,
      "correct": 7,
      "unmatched": 9,
      "accuracy": 25.925925925925924
    }
  },
  "by_video": {
    "titi": {
      "total": 86,
      "correct": 61,
      "accuracy": 70.93023255813954
    },
    "toto": {
      "total": 58,
      "correct": 41,
      "accuracy": 70.6896551724138
    },
    "lulu": {
      "total": 37,
      "correct": 25,
      "accuracy": 67.56756756756756
    },
    "wawa": {
      "total": 45,
      "correct": 20,
      "accuracy": 44.44444444444444
    },
    "caco": {
      "total": 22,
      "correct": 18,
      "accuracy": 81.81818181818183
    },
    "cece": {
      "total": 29,
      "correct": 18,
      "accuracy": 62.06896551724138
    },
    "cici": {
      "total": 42,
      "correct": 35,
      "accuracy": 83.33333333333334
    },
    "cuco": {
      "total": 48,
      "correct": 37,
      "accuracy": 77.08333333333334
    },
    "gaga": {
      "total": 48,
      "correct": 31,
      "accuracy": 64.58333333333334
    },
    "kaka": {
      "total": 74,
      "correct": 52,
      "accuracy": 70.27027027027027
    },
    "kiki": {
      "total": 54,
      "correct": 28,
      "accuracy": 51.85185185185185
    },
    "juju": {
      "total": 80,
      "correct": 58,
      "accuracy": 72.5
    },
    "yeye": {
      "total": 80,
      "correct": 43,
      "accuracy": 53.75
    },
    "keke": {
      "total": 52,
      "correct": 43,
      "accuracy": 82.6923076923077
    },
    "gigi": {
      "total": 56,
      "correct": 36,
      "accuracy": 64.28571428571429
    },
    "gugu": {
      "total": 27,
      "correct": 15,
      "accuracy": 55.55555555555556
    },
    "mame": {
      "total": 17,
      "correct": 10,
      "accuracy": 58.82352941176471
    },
    "meme": {
      "total": 35,
      "correct": 27,
      "accuracy": 77.14285714285715
    },
    "mimi": {
      "total": 25,
      "correct": 19,
      "accuracy": 76.0
    },
    "moma": {
      "total": 34,
      "correct": 17,
      "accuracy": 50.0
    },
    "mumu": {
      "total": 30,
      "correct": 26,
      "accuracy": 86.66666666666667
    },
    "papa": {
      "total": 44,
      "correct": 29,
      "accuracy": 65.9090909090909
    },
    "pepe": {
      "total": 45,
      "correct": 27,
      "accuracy": 60.0
    },
    "pipi": {
      "total": 33,
      "correct": 29,
      "accuracy": 87.87878787878788
    },
    "popo": {
      "total": 34,
      "correct": 21,
      "accuracy": 61.76470588235294
    },
    "pupu": {
      "total": 36,
      "correct": 27,
      "accuracy": 75.0
    },
    "veve": {
      "total": 39,
      "correct": 26,
      "accuracy": 66.66666666666666
    },
    "vivi": {
      "total": 15,
      "correct": 8,
      "accuracy": 53.333333333333336
    },
    "vovo": {
      "total": 27,
      "correct": 18,
      "accuracy": 66.66666666666666
    }
  },
  "by_video_action": {
    "titi|SERVE": {
      "total": 11,
      "correct": 6
    },
    "titi|RECEIVE": {
      "total": 11,
      "correct": 7
    },
    "titi|SET": {
      "total": 18,
      "correct": 14
    },
    "titi|ATTACK": {
      "total": 27,
      "correct": 20
    },
    "titi|DIG": {
      "total": 17,
      "correct": 13
    },
    "titi|BLOCK": {
      "total": 2,
      "correct": 1
    },
    "toto|SERVE": {
      "total": 11,
      "correct": 3
    },
    "toto|RECEIVE": {
      "total": 9,
      "correct": 8
    },
    "toto|SET": {
      "total": 11,
      "correct": 10
    },
    "toto|ATTACK": {
      "total": 17,
      "correct": 14
    },
    "toto|DIG": {
      "total": 8,
      "correct": 5
    },
    "toto|BLOCK": {
      "total": 2,
      "correct": 1
    },
    "lulu|SERVE": {
      "total": 9,
      "correct": 6
    },
    "lulu|RECEIVE": {
      "total": 7,
      "correct": 3
    },
    "lulu|SET": {
      "total": 6,
      "correct": 6
    },
    "lulu|ATTACK": {
      "total": 9,
      "correct": 7
    },
    "lulu|DIG": {
      "total": 6,
      "correct": 3
    },
    "wawa|SERVE": {
      "total": 6,
      "correct": 1
    },
    "wawa|RECEIVE": {
      "total": 7,
      "correct": 4
    },
    "wawa|SET": {
      "total": 12,
      "correct": 5
    },
    "wawa|ATTACK": {
      "total": 14,
      "correct": 6
    },
    "wawa|DIG": {
      "total": 6,
      "correct": 4
    },
    "caco|SERVE": {
      "total": 3,
      "correct": 2
    },
    "caco|RECEIVE": {
      "total": 3,
      "correct": 3
    },
    "caco|SET": {
      "total": 5,
      "correct": 5
    },
    "caco|ATTACK": {
      "total": 5,
      "correct": 5
    },
    "caco|DIG": {
      "total": 4,
      "correct": 3
    },
    "caco|BLOCK": {
      "total": 2,
      "correct": 0
    },
    "cece|SERVE": {
      "total": 5,
      "correct": 2
    },
    "cece|RECEIVE": {
      "total": 5,
      "correct": 2
    },
    "cece|SET": {
      "total": 5,
      "correct": 3
    },
    "cece|ATTACK": {
      "total": 9,
      "correct": 7
    },
    "cece|DIG": {
      "total": 5,
      "correct": 4
    },
    "cici|SERVE": {
      "total": 5,
      "correct": 5
    },
    "cici|RECEIVE": {
      "total": 7,
      "correct": 7
    },
    "cici|SET": {
      "total": 12,
      "correct": 10
    },
    "cici|ATTACK": {
      "total": 12,
      "correct": 8
    },
    "cici|DIG": {
      "total": 6,
      "correct": 5
    },
    "cuco|SERVE": {
      "total": 7,
      "correct": 4
    },
    "cuco|RECEIVE": {
      "total": 7,
      "correct": 4
    },
    "cuco|SET": {
      "total": 11,
      "correct": 11
    },
    "cuco|ATTACK": {
      "total": 15,
      "correct": 13
    },
    "cuco|DIG": {
      "total": 8,
      "correct": 5
    },
    "gaga|SERVE": {
      "total": 5,
      "correct": 2
    },
    "gaga|RECEIVE": {
      "total": 6,
      "correct": 4
    },
    "gaga|SET": {
      "total": 13,
      "correct": 8
    },
    "gaga|ATTACK": {
      "total": 14,
      "correct": 12
    },
    "gaga|DIG": {
      "total": 10,
      "correct": 5
    },
    "kaka|SERVE": {
      "total": 14,
      "correct": 6
    },
    "kaka|RECEIVE": {
      "total": 12,
      "correct": 10
    },
    "kaka|SET": {
      "total": 18,
      "correct": 15
    },
    "kaka|ATTACK": {
      "total": 20,
      "correct": 13
    },
    "kaka|DIG": {
      "total": 9,
      "correct": 8
    },
    "kaka|BLOCK": {
      "total": 1,
      "correct": 0
    },
    "kiki|SERVE": {
      "total": 8,
      "correct": 4
    },
    "kiki|RECEIVE": {
      "total": 8,
      "correct": 3
    },
    "kiki|SET": {
      "total": 11,
      "correct": 5
    },
    "kiki|ATTACK": {
      "total": 16,
      "correct": 10
    },
    "kiki|DIG": {
      "total": 9,
      "correct": 6
    },
    "kiki|BLOCK": {
      "total": 2,
      "correct": 0
    },
    "juju|SERVE": {
      "total": 14,
      "correct": 9
    },
    "juju|RECEIVE": {
      "total": 13,
      "correct": 11
    },
    "juju|SET": {
      "total": 17,
      "correct": 15
    },
    "juju|ATTACK": {
      "total": 21,
      "correct": 18
    },
    "juju|DIG": {
      "total": 10,
      "correct": 3
    },
    "juju|BLOCK": {
      "total": 5,
      "correct": 2
    },
    "yeye|SERVE": {
      "total": 10,
      "correct": 4
    },
    "yeye|RECEIVE": {
      "total": 9,
      "correct": 4
    },